Category,Total_Sales,Total_Profit,Profit_Margin
Technology,836154.033,145454.9481,15.613811586356253
Furniture,741999.7953,18451.2728,3.8783262611975484
Office Supplies,719047.032,122490.8008,13.80303186193163
