Region,Total_Sales,Total_Profit,Total_Orders,Avg_Profit_Margin
West,725457.8245,108418.4489,1611,21.94866687480487
East,678781.24,91522.78,1401,16.7227106741573
Central,501239.8908,39706.3625,1175,-10.407313818338356
South,391721.905,46749.4303,822,16.351876543209876
